LANGUAGE, French, 
STRM_briefing_name,Atrium,
STRM_mission_description,atrium-life.com,
STRS_hints_vehicle_information,INFORMATION DU VEHICULE:\n\nNom: %4\nType: %1\ndirection: %2°\nHauteur ASL: %3m\nConducteur: %5\nEspace libre: %6\nlongeur: %7m,
STRS_functions_crimelog_msg12,Excès de vitesse,
STRS_anfang_laden,Chargement en cours... \nVeuillez patienter.
STRS_anfang_02,"Bienvenue sur le serveur Atrium"
STRS_anfang_03,ARMA 2 OA LIFE BY Atrium
STRS_anfang_04,Interdit de rentrer dans quelqu'un en véhicule
STRS_anfang_05_civ,Notre site web: atrium-life.com
STRS_anfang_05_cop,Voir les réglements compltet sur le site : atrium-life.com
STRS_anfang_cop_loadout,
STRS_anfang_06, "guide de jeu, règles, et changelog sur la carte onglets \ n \ nVeuillez respecter les règles du jeu et l'esprit du jeu \ n \ n Prenez du plaisir!"
STRS_check_civ_in_terrorbase, vous êtes entré dans le camp Terroriste.
STRS_southChernarus_area, Vous n'avez pas de compétence dans ce domaine. Faites demi-tour!
STRS_prohibited_area, Faites demi-tour !
STRS_verbotene_zone_teleport, Vous êtes entré dans une zone interdite et vous avez été téléporté vers votre zone de respawn.,
STRS_hunger_verhungern, vous êtes affamé.,
STRS_arbeiter_in_copbase, un de vos travailleurs est trop près du commissariat,
STRS_arbeiter_in_terrorbase, un de vos travailleurs était trop proche de la base de Terroriste,
STRS_dead_player_is_dead_civ,Vous êtes mort,
STRS_dead_player_is_dead_cop,Vous êtes mort,
STRS_slave_zuviele, vous ne pouvez pas acheter plus d'esclaves!,
STRS_slave_nomoney, vous ne pouvez pas vous permettre un esclave ... Peut-être que vous devriez être un esclave!.,
STRS_slave_gekauft, "" "% 1", "vous avez acheté un esclave pour $%2. Emmenez-le à un lieu de travail et il vous fera gagner de l'argent." ""
STRS_slave_moneyaction, prenez le profit que cet esclave a fait pour vous.,
STRS_slave_tot, un de vos esclaves est mort! Protégez-les à l'avenir!,
STRS_slave_geldabnahme_ja, Cet esclave vous a fait gagner $%1.,
STRS_slave_geldabnahme_nein, Cet esclave n'a pas d'argent! Inutile!.,
STRS_huren_zuviele, vous ne pouvez pas acheter plus de vierge effarouchée!,
STRS_huren_nomoney, vous ne pouvez pas vous permettre une vierge effarouchée ... Peut-être que vous devriez être une vierge effarouchée?,
STRS_huren_moneyaction, prenez l'argent de votre vierge effarouchée,
STRS_huren_tot, une de vos vierge effarouchée est morte! Grosse V!,
STRS_huren_geldabnahme_ja, Cette vierge effarouchée vous a fait gagner $%1.,
STRS_huren_geldabnahme_nein, cette vierge effarouchée n'a pas d'argent! Ne vous laisser pas dominé.,
STRS_arbeiter_gekauft, "%1, un nouveau travailleur a rejoint votre équipe. Vous avez payé $%2. Amenez un lieu de travail afin de lui faire gagner de l'argent.",
STRS_arbeiter_moneyaction, prendre l'argent de votre travailleur.,
STRS_arbeiter_tot, Un travailleur est mort dans votre équipe.,
STRS_arbeiter_geldabnahme_ja, vous avez obtenu $%1 de l'ouvrier.,
STRS_arbeiter_geldabnahme_nein, le travailleur ne dispose pas d'argent! Viré le...,
STRS_arbeiter_meister, ce travailleur travaille pour %1.,
STRS_arbeiter_copaction, pour qui travaillez-vous?,
STRS_arbeiter_zuviele, vous ne pouvez pas acheter un autre travailleur parce que vous avez déjà atteint la limite.,
STRS_arbeiter_nomoney, vous ne pouvez pas payer un travailleur. Revenez plus tard.,
STRS_inventar_beschreibung_bankversicherung, lAssurances Bancaire vous empêche de perdre de largent quand quelqun braque la banque. Chaque fois que la banque se fait braquer une Assurance Bancaire sera utilisée. Posséder 2 Banque Assurances signifie que vous ne perdez pas d'argent les 2 prochaine fois que la Banque est volée.,
STRS_dead_menuentry_hints, Stats,
STRS_dead_menuentry_inventar, inventaire,
STRS_dead_menuentry_animation, Animations,
STRS_addAction_copstorage1, stockage privé,
STRS_addAction_copstorage2, stockage public,
STRS_addaction_freecam, Caméras satellite,
STRS_addaction_defuse, désamorcer la bombe,
STRS_addaction_bank_license, Acheter une assurance bancaire pour $%1,
STRS_addaction_civcammenu, Ouvrir la Civcam,
STRS_addAction_copmenu, Ouvrir le menu de la police,
STRS_addAction_copmenulite, A pied ouvrir le menu de la Police,
STRS_addaction_jailcam, Caméras de sécurité de la prison,
STRS_addaction_buy_drugs, Ouvrir la boutique de drogue,
STRS_addaction_sell_drugs, vendre de la drogue,
STRS_addaction_weather, Prévisions,
STRS_addaction_shootingrange, Champs de tir $%1,
STRS_addaction_prisonrelease, Liste des recherchés / Menu de la prison,
STRS_addaction_bail, Cautions,
STRS_addaction_buy_worker, Acheter un travailleur pour $%1,
STRS_addaction_buy_slave, Achat d'un esclave pour $%1,
STRS_addaction_buy_hideout, Menu achat Hideout,
STRS_addaction_race_join, Rejoignez une course de rue pour $%1,
STRS_addaction_buy_shop, Acheter ceux %1 pour $%2,
STRS_addaction_buy_rank, Soudoyez le chef-adjoint de la police pour obtenir une réduction de %1 pour $%2,
STRS_addaction_switch_copmarker, Switch marqueur de police Marche / Arrêt,
STRS_addaction_radio_on, Switch Radio Marche / Arrêt,
STRS_addaction_vehicleinfo, Information du véhicule,
STRS_addaction_courierjob, obtenir un travail de messagerie!,
STRS_addaction_hideout_addon1, Hideout: Ajouter Medic sur $%1,
STRS_addaction_hideout_addon2, Hideout: Ajouter Teleport sur $%1,
STRS_addaction_hideout_addon3, Hideout: Ajouter En ligne sur $%1,
STRS_addaction_hideout_addon4, réparation Hideout $%1,
STRS_addaction_hideout_addon5, Verrouillage Hideout,
STRS_addaction_hideout_healaddon_use, Soigner,
STRS_addaction_hideout_bankaddon_use, En ligne encaissant,
STRS_addaction_hideout_ablage, Hideout stockage,
STRS_addAction_bank_balance, solde du compte,
STRS_addAction_bank_dialog, Menu de la Banque,
STRS_addaction_civmenu, Interaction %1 (%2),
STRS_addaction_restrainciv, Retenir %1 (%2),
STRS_action_hideoutowner, Afficher Hideout propriétaire,
STRS_addaction_gildenmenu, Menu du gang,
STRD_description_gildegruenden_hinweis, " ""Note: Le nom ne doit pas contenir des guillemets, les frais de création sont de 10.000 $ Si vous quittez et rejoignez le jeu, vous devrez rejoindre le gang. Les Gangs ne peuvent pas avoir plus de 8 membres!...""",
STRD_description_gildeverwalten_sperren_submit, " ""Mettre à jour""",
STRD_description_gildeverwalten_sperren_header, " ""Ouvrir le gang?""",
STRS_addaction_removesperre, Retirez le Barrage / Spikestrip,
STRS_addaction_sirene, Sirène Marche / Arrêt,
STRS_addaction_lightbar, Gyrophare Marche / Arrêt,
STRS_addaction_lock, verrouillage / déverrouillage,
STRS_addaction_crimelog, Journal de criminalité,
STRS_addaction_trunk, Coffre du véhicule
STRS_addaction_trunk_see, Voir le contenu du coffre,
STRS_addaction_trunk_check, fouiller le coffre du véhicule,
STRS_camciv_nomoney, la Civ cam a été supprimée...,
STRS_civcam_notwanted, Vous regardez %1. Il n'est pas  recherché.,
STRS_civcam_wanted, Vous regardez %1. Il est recherché.,
STRS_deadcam_deadwait_civ,Vous êtes mort %1 fois et suicidé %5 fois vous devez attendre %2 seconde(s) pour réapparaître. Vous devez aussi attendre %4 seconde(s) de plus pour réapparaître (pour tous les joueurs que vous avez tué dans cette vie et lors d'un suicide.),
STRS_deadcam_deadwait_cop,"Comme policier vous devez attendre 30 secondes pour réapparaître, plus 30 secondes par joueur que vous avez tué. \nVotre temps de réapparition pour ce tour est de %1 secondes. \nPour ne pas avoir un temps de réapparition trop long, taser ou arrêter les civils au lieu de les tuer",
STRS_civmenu_stehlen_copzunah, vous ne pouvez pas voler quoi que ce soit quand la police est proche.,
STRS_civmenu_stehlen, Vous volé de l'argent à ce joueur! S'il vous plaît attendez cinq secondes pour obtenir l'argent.,
STRS_civmenu_distance, Vous êtes trop loin du civil ou il est mort,
STRS_civmenu_wantedbonus, C'était une personne recherchée. Vous obtenez alors un bonus de $%1,
STRS_civmenu_kopfgeld, sur cette personne, il y avait une prime de $%1,
STRS_civmenu_hasnodrugs, Le civil n'a pas de drogues.,
STRS_civmenu_hasdrugs, "%1 avaient de la drogue, vous les avez perquisitionné. Vous devez emprisonner %1 pour %2 minutes ou lui donner une amende de $%3.",
STRS_civmenu_disarm, Vous avez désarmé le %1!.,
STRS_civmenu_buy_disarm_nomoney, vous ne pouvez pas vous permettre le retrait des armes.,
STRS_civmenu_disarm_notarmed, Le joueur n'est pas armé.,
STRS_civmenu_arrested, Arrestation de %1 ...,
STRS_civmenu_ticketinuse, Vous avez fait une erreur lors de l'écriture de l'amende,
STRS_civmenu_gaveticket, Vous avez donné à %1 une amende de $%2.,
STRS_civmenu_didpayticket, %1 a payé l'amende de $%2.,
STRS_civmenu_didpaynothing,%1 a choisi de ne pas payer l'amende.,
STRS_civmenu_ticket_globalchat,%3 a donné une amende de $%2 à %1,
STRS_civmenu_didnotpayticket,%1 n'a pas assez d'argent pour payer l'amende de $%2,
STRS_civmenu_youdidnotpay, vous n'avez pas payé l'amende. vous êtes une réel V,
STRS_civmenu_copnotarmed, Vous n'êtes pas armé. Vous avez besoin d'une arme pour effectuer cette action.,
STRS_civmenu_heal, Vous soigner %1.,
STRS_civmenu_panic, Alarme de la %1 ACTIVER.,
STRS_inventory_checknohands, Le Civil n'a pas ses mains en l'air ou n'est pas menotté! ,
STRS_inventory_checknohandszip, Le joueur n'a pas ses mains en l'air ou n'est pas menotté!,
STRS_inventory_checkstring, ses Permis: \ n \n Permis pistolet: %1\nPermis fusil: %2\nPermis Arma Lourde: %3\nPermis Fusil de Sniper: %4\n\nPermis Voiture: %5\nPermis Pickup: %6\nPermis Camion: %7\nPermis Blindé: %8\nPermis Bateau: %9\nPermis Aèrien: %10\nPermis pétrolier: %11\nPermis production de tabac: %12\nPermis production d'alcool: %13\n\nLicense Batisseur: %14\n\nPasseport: %15\n\nPermis de Garde du Corps: %16\n\nObjets illégaux - Montant:\n\n%17,
STRS_civmenucheck_beendisarmed, Vous avez été désarmé.,
STRS_civmenucheck_beendrugsearched, Vos drogues ont été retirés. Grosse V,
STRS_civmenucheck_ticketrest, vous devez encore $%1 à la police,
STRS_civmenucheck_ticketself, Vous avez payé une amende de $%1.,
STRS_civmenucheck_youarehealed, vous avez été guéri par le policier quelle amour,
STRS_civmenucheck_removeddrugs, Un policier a trouvé vos drogues et les a saisie.,
STRS_civmenucheck_haddrugs,%1 avait pour une valeur $%2 de drogue!,
STRS_civmenucheck_arrested_self, Vous avez été arrêté pour une durée de %1 Minutes. Après cela, vous serez téléporté sur zone. Vous pouvez monter à bord d'un hélicoptère pour vous échapper.,
STRS_civmenucheck_arrested_global,%1 a été arrêté par %2 pour une durée de %3 minute(s),
STRS_civmenucheck_free_global, %1 a purgé sa peine en prison, une V est de retour,
STRS_civmenucheck_free_self, Vous êtes libre maintenant. Faites vous plus discret la prochaine fois ou vous serez de nouveau arrêté.,
STRS_civmenucheck_breakout,%1 s'est échappé de prison,
STRS_civmenucheck_stolen, Vous avez volé $%1 à ce civil!,
STRS_civmenucheck_stolenpub, quelqu'un vole %1!,
STRS_dialogcivmenu_arrest, Arrêté pour %1 minute(s),
STRS_dialogcivmenu_ticket, Amende $%1,
STRS_dialogandere_bankdialog_you, Vous,
STRS_dialogandere_gilden_keinleader, vous n'êtes pas le chef du gang vous ne pouvez donc pas utiliser ce menu,
STRS_dialogandere_itemshop, votre argent est actuellement de $%1,
STRS_geld_countdown,%1 minute(s) avant la prochaine paie.,
STRS_geld_were, étaient,
STRS_geld_nowere, n'était pas,
STRS_geld_unimsg, en raison de votre formation universitaire vous avez gagné $%1 supplémentaire.,
STRS_geld_hideoutextramoney A cause de votre planque vous avez obtenu $%1 supplémentaires .,
STRS_geld_civmoneyadd, "%1, vous avez reçu un salaire de $%2. L'argent a été transféré sur votre compte bancaire.",
STRS_geld_copmoneyadd, "%1, vous avez gagné $%2, l'argent a été transféré sur votre compte.",
STRS_geld_paycheckdead, Vous avez manqué un salaire parce que vous êtes mort.,
STRD_description_onloadintro, ZLR,
STRD_description_onloadmission, ZLR,
STRD_description_param1, marqueur de la ville,
STRD_description_time, TimeSkipInterval [Jour | Nuit],
STRD_description_on, Marche,
STRD_description_off, Arrêt,
STRD_description_cancel, Annuler,
STRD_description_buyitem_close, Fermer,
STRD_description_submit, Soumettre,
STRD_description_weapon_submit, Acheter cette arme!,
STRD_description_civcam_title, systèmes de caméras de Chernarus,
STRD_description_civcam_chooseciv, Choisissez Civ:,
STRD_description_civcam_dauer, Durée:,
STRD_description_civcam_cost, Coût:,
STRD_description_civcam_submit, Regardez-le,
STRD_description_carshop_submit, acheter ce véhicule,
STRD_description_civmenu_disarm, Désarmement,
STRD_description_civmenu_steal, Voler l'inventaire,
STRD_description_civmenu_drugs, Recherche de drogue,
STRD_description_civmenu_arrest, Arrestation,
STRD_description_civmenu_ticket, Amende,
STRD_description_civmenu_heal, Vérifier les Licences,
STRD_description_civmenu_inventar, Contrôle de l'inventaire,
STRD_description_civmenu_ZipTie, Menotter / Démenotter,
STRD_description_civmenu_header, Menu civil,
STRD_description_wantedrelease_cost, Entrez la prime:,
STRD_description_wantedrelease_setwantedmenu, Menu des recherchés,
STRD_description_wantedrelease_prisonrelease_title, le menu de sortie,
STRD_description_wantedrelease_submit, le libérer,
STRD_description_wantedrelease_submit_unwanted, Ne plus le rechercher,
STRD_description_bail_pay, caution à payer,
STRD_description_bail_cost, Caution,
STRD_description_spielerinfo_header, Info Joueur,
STRD_description_spielerinfo_select, Sélectionner Joueur,
STRD_description_spielerinfo_name, nom du joueur:,
STRD_description_spielerinfo_deaths, Nombre de décès:,
STRD_description_spielerinfo_wanted, recherchés:,
STRD_description_spielerinfo_kopfgeld, Prime:,
STRD_description_bombenconfig_header, Configuration de la vitesse de la voiture piégée,
STRD_description_bombenconfig_speed, Vitesse:,
STRD_description_bombenconfig_speed2, Durée:,
STRD_description_bombenconfig_plant, Bombe installé,
STRD_description_zeitbombenconfig_header, Configuration du Temps de la voiture piégée,
STRD_description_zeitbombenconfig_zeit, Heure:
STRD_description_hideout_submit, Acheter Hideout,
STRD_description_schluessel_header, Clés,
STRD_description_schluessel_wegwerfen, Abandonner clé pour toujours,
STRD_description_handy_title, écrire un SMS,
STRD_description_handy_cost, Coût: $%1,
STRD_description_handy_submit, Envoyer,
STRD_description_itemmenu_title, acheter des objets,
STRD_description_itemmenu_title2, vendre des objets,
STRD_description_inventar_gewicht, Poids de l'article unique / général:,
STRD_description_spielerliste_header, Stats,
STRD_description_gildegruenden_header, Créer un nouveau Gang,
STRD_description_gildegruenden_submit, Créer!,
STRD_description_gildegruenden_name, Nom du Gang:,
STRD_description_gildeverwalten_header, Gérer le Gang,
STRD_description_gildeverwalten_rauswerfen_header, Exclure membres,
STRD_description_gildeverwalten_rauswerfen_submit, Exclure!,
STRD_description_gildehauptmenu_header, Les gangs,
STRD_description_gildehauptmenu_button_join, Rejoignez le Gang,
STRD_description_gildehauptmenu_button_manage, Gérer le Gang,
STRD_description_gildehauptmenu_button_leave, Quittez le Gang,
STRD_description_gildehauptmenu_button_create, Créer le Gang,
STRD_description_factory_manifacture_header, Usine,
STRD_description_factory_manifacture, Fabrication,
STRD_description_close, Fermer,
STRD_description_janein_header, S'il vous plaît confirmer,
STRD_description_ja, Oui,
STRD_description_nein, Non,
STRD_janein_header, S'il vous plaît confirmer,
STRD_stunned_dialogbutton, Se lever,
STRS_handlerdeadpub_civkilled, Vous avez tué %1! Il n'était pas recherché vous devez lui payer $%2 en compensation.,
STRS_handlerdeadpub_kopfgeld_youkilled, Vous avez tué %1! Il avait une prime de $%2,
STRS_handlerdeadpub_kopfgeld_kill, Vous avez tué un civil recherché et obtenu $%1 en bonus.,
STRS_handlerdeadpub_copkilled, Vous avez tué %1! Vous êtes maintenant recherché!,
STRS_handlerdeadpub_copkilledbycop, un membre de votre équipe à tué %1!,
STRS_handlerdeadpub_suicide, Vous vous êtes suicidé.,
STRS_konvoy_start, un camion d'approvisionnement arrive en direction du commissariat.,
STRS_konvoy_arrived, Le camion de ravitaillement a atteint le commissariat.,
STRS_konvoy_hijacked, Le camion de ravitaillement a été détourné! Le pilote est mort!,
STRS_konvoy_destroyed, Le camion de ravitaillement a été détruit!,
STRS_konvoy_civarrived, Le Convoi détourné a atteint le repaire des rebelles.,
STRS_Konvoymarker, Camion,
STRS_bankvanmarker, BankVan,
STRS_kopfgeld_kein_kopfgeld_entfernen, Il n'a pas sa tête à prix.,
STRS_kopfgeld_entfernt, La prime de %1 a été supprimée. Il n'est plus recherché.,
STRS_kopfgeld_nokopfgeld, vous ne pouvez actuellement pas ajouté %1 a liste des recherché.,
STRS_kopfgeld_nomoney, Vous n'avez pas assez d'argent.,
STRS_kofpgeld_set, vous avez ajouté une prime de $%2 à %1.,
STRS_kopfgeld_publicmsg,%1 a défini une prime de $%2 sur le Civil %3. La prime s'élèvent à $%4 au total,
STRS_kopfgeld_notself, vous ne pouvez pas vous enlever de la liste des recherchés vous-même.,
STRS_switchedcopmarker,Vous avez tourné les marqueurs de police %1.,
STRS_Off,Arrêt,
STRS_On,Marche,
STRS_statdialog_playerinfo,J O U E U R - I N F O:,
STRS_statdialog_playerlist,J O U E U R S:,
STRS_statdialog_licenselist,P E R M I S:,
STRS_statdialog_other,A U T R E S :,
STRS_statdialog_inventarlist,I N V E N T A I R E:,
STRS_statdialog_waffen,A R M E S:,
STRS_statdialog_magazine,M U N I T I O N S:,
STRS_statdialog_gildenlist,G A N G S:,
STRS_statdialog_laws,L O I S:,
STRS_statdialog_regierung,Taviana Island Gouverneur:,
STRS_statdialog_chief,Chef de la Police:,
STRS_statdialog_taxes,T A X E S:,
STRS_stat_regierung,ID du Gouvernement:,
STRS_statdialog_money,Argent,
STRS_statdialog_hunger,Faim,
STRS_statdialog_thirst,Soif,
STRS_statdialog_health,Santé,
STRS_statdialog_speed,Vitesse,
STRS_statdialog_heigth,Hauteur,
STRS_statdialog_weight,Poids,
STRS_statdialog_rolenumber,Nombre de rôle,
STRS_statdialog_copkills,Policiers tués,
STRS_statdialog_civkills,Civils tués,
STRS_statdialog_selfkills,Suicides,
STRS_statdialog_streetcred,Réputation,
STRS_statdialog_deaths,Morts,
STRS_statdialog_bounty,Prime,
STRS_statdialog_bestrace,Meilleur course,
STRS_statdialog_racewon,Courses gagnées,
STRS_statdialog_gilde,Gang,
STRS_statdialog_wanted,Recherchés,
STRS_statdialog_kopfgeld,Prime,
STRS_hints_ja,Oui,
STRS_hints_nein,Non,
STRS_hints_keins,Aucun,
STRS_hints_account_balance,Vous avez %1$ sur votre compte en banque.,
STRS_bail_addbail,Vous recevez $%1 parce que le civil%2 a payer sa caution.,
STRS_bail_addconvoy,Vous recevez $%1 grâce au convoi.,
STRS_bail_payed,Civ%1 a payé sa caution de $%2,
STRS_bail_self,Vous avez payé votre caution de $%1.,
STRS_bail_cantpay,Vous n'avez pas ce montant d'argent.,
STRS_prison_notinprison,Vous ne pouvez pas relacher ce civil car il n'est pas en prison.,
STRS_prison_freenow,Le civil est maintenant libre.,
STRS_pimp_vclsell_toofast,Vous allez trop vite pour vendre ce véhicule,
STRS_pimp_vclsell,Vous avez vendu le véhicule pour $%1.,
STRM_mission_marker_arbeiter,Trailleur,
STRM_mission_marker_rathaus,Hotel de ville,
STRM_mission_marker_deliverypoint1,Livraison 1,
STRM_mission_marker_deliverypoint2,Livraison 2,
STRM_mission_marker_deliverypoint3,Livraison 3,
STRM_mission_marker_deliverypoint4,Livraison 4,
STRM_mission_marker_deliverypoint5,Livraison 5,
STRM_mission_marker_deliverypoint6,Livraison 6,
STRM_mission_marker_deliverypoint7,Livraison 7,
STRM_mission_marker_deliverypoint8,Livraison 8,
STRM_mission_marker_deliverypoint9,Livraison 9,
STRM_mission_marker_deliverypoint10,Livraison 10,
STRM_mission_marker_workplace1,Lieu de travail 1,
STRM_mission_marker_workplace2,Lieu de travail 2,
STRM_mission_marker_workplace3,Lieu de travail 3,
STRM_mission_marker_terrorhideout,Avant poste rebelle,
STRM_mission_marker_jail,Prison,
STRM_mission_marker_Heroindealer,Vendre Héroïne,
STRM_mission_marker_cocaindealer,Vendre Cocaïne,
STRM_mission_marker_marihuanadealer,Vendre Marijuana,
STRM_mission_marker_lsddealer,Vendre LSD,
STRM_mission_marker_lonelyisland,Juste une île solitaire,
STRM_mission_marker_racefinish,Course terminer,
STRM_mission_marker_racestart,La course commence,
STRM_mission_marker_atm,guichet de banque,
STRM_mission_marker_shootingrange,Stand de tir,
STRM_mission_marker_refuelstation,Station pétrolière,
STRM_mission_marker_policestation,Commissariat,
STRM_mission_marker_headmoneylicense,Licence de chasseur de prime,
STRM_mission_marker_antidoteshop,Magasin des anti-virus,
STRM_mission_marker_civhospital,Civ Hôpital,
STRM_mission_marker_bank,Banque,
STRM_mission_marker_shop_1,Magasin 1,
STRM_mission_marker_shop_2,Magasin 2,
STRM_mission_marker_shop_3,Magasin 3,
STRM_mission_marker_shop_air,Magasin véhicule aérien,
STRM_mission_marker_shop_air_small,Magasin de véhicules aériens de sport,
STRM_mission_marker_shop_armored,Concessionnaire de voitures,
STRM_mission_marker_shop_heavygun,Magasin d'armes lourdes,
STRM_mission_marker_shop_boat,Magasin de bateaux,
STRM_mission_marker_shop_sniper,Magasin de fusils sniper,
STRM_mission_marker_shop_rifle,Magasin de fusils,
STRM_mission_marker_shop_pickup,Magasin de pick-ups,
STRM_mission_marker_shop_truck,Magasin de camions,
STRM_mission_marker_shop_car,Magasin de voitures,
STRM_mission_marker_shop_handgun,Magasin d'armes de poing,
STRM_mission_marker_shop_smg,Magasin de mitraillettes,
STRM_mission_marker_shop_equipment,Magasin d'équipements générales,
STRM_mission_marker_sellcars,Vendre le véhicule,
STRM_mission_marker_garage,Garage,
STRM_mission_drugbuyflag,Acheter de la drogue,
STRM_mission_marker_fishing,Zone de pêche,
STRM_mission_marker_forest,Zone de travail en foret,
STRM_mission_marker_farming,Zone de récolte,
STRM_mission_marker_farmingsell,Vendre récolte,
STRM_mission_marker_court,Site de construction,
STRM_mission_marker_jail_construction,Site de construction de prison,
STRM_mission_marker_bagango_shooting_range,Stand de tir du Bagango,
STRM_mission_marker_factory_air,Fabrique de véhicules aériens,
STRM_mission_gruen_fahne,Bases,
STRM_mission_blau_fahne,Magasins,
STRM_mission_gelb_fahne,Cachette / Zone de travail / Magasins achetables,
STRM_mission_rot_fahne,Activités illégales,
STRM_mission_gruen_punkt,Banque / Guichet de banque,
STRM_mission_rot_punkt,Zone de livraison,
STRM_mission_gelb_punkt,Course de voiture,
STRM_mission_weiss_punkt,Autres,
STRM_mission_legende,Légende,
STRM_mission_legende_civmarker,Marqueur civil,
STRM_mission_legende_civmarker2,Marqueur civil (recherché),
STRM_mission_legende_copmarker,Marqueur police,
STRM_mission_legende_restaurante,Restaurant,
STRM_mission_marker_terrorvehicle,Véhicules rebels,
STRS_license_car,Permis de Conduire,
STRS_license_pickup,Permis de Pick-up,
STRS_license_truck,Permis de Poid Lourd,
STRS_license_boat,Permis de Bateau,
STRS_license_air,Permis de Pilote,
STRS_license_kopfgeld,Permis de chasseur de prime,
STRS_license_terror,Formation Terroriste,
STRS_license_uni,Examen Universitaire,
STRS_license_bank,Assurance Bancaire,
STRS_license_bomb,Entraînement aux explosifs,
STRS_license_lockpick,Entraînement au crochetage,
STRS_license_engineer,Formation d'ingénieur,
STRS_license_explosive,Entraînement aux explosifs,
STRS_license_probator,License d'achat de commerce civil,
STRS_license_coppatrol,Entraînement Officier de Patrouille,
STRS_license_copresponse,Entraînement Officier Criminel,
STRS_license_copairsupport,Entraînement Officier de Support Aerien,
STRS_license_copswat,Entraînement SWAT,
STRS_license_medic,Formation Médicale,
STRM_mission_marker_license1,Licence voiture/pick-up,
STRM_mission_marker_license2,Licence Arme de poing/mitraillette,
STRM_mission_marker_license3,Licence Sniper,
STRM_mission_marker_license4,Licence bateau,
STRM_mission_marker_license_airport,Licence de l'Air,
STRM_mission_marker_license5,Licence camionneur/pétrole,
STRM_mission_marker_university,Uni & entraînement,
STRM_mission_marker_Alcohol,Licence alcool,
STRS_item_addinfo_keine,aucun,
STRS_item_hideout,Cachette,
STRS_item_hideout_info,Une planque. Utilisez la en dehors des villes pour la placer. Au drapeau,
STRS_inventar_hideout_wrongplace,Vous êtes trop proche d'une ville et donc vous ne pouvez pas construire votre cachette ici.,
STRS_inventar_no_money_hideout,Vous ne pouvez pas vous offrir une cachette.,
STRS_inventar_bought_hideout,"%1, Vous avez construit une planque ici.",
STRS_variablen_hideout_small,Petite planque,
STRS_variablen_hideout_middle,Moyenne planque,
STRS_variablen_hideout_large,Grande planque,
STRS_variablen_hideout_addon_firstaid,Premiers secours,
STRS_variablen_hideout_addon_teleporter,Téléporter,
STRS_variablen_hideout_addon_banking,Banque via Internet,
STRS_hideoutheal_nouse,Vous n'êtes pas blessé.,
STRS_hideoutheal_use,Vous vous soignez,
STRS_hideoutheal_used,Vous blessures sont maintenant soignées.,
STRS_hideoutaddons_nobuy,Vous ne pouvez pas vous offrir cette extension.,
STRS_hideoutaddons_buy,Vous avec acheté cette extension de cachette pour $%1.,
STRS_hideoutaddons_repaired,Vous avez réparé votre planque.,
STRS_hideoutaddons_norepair,Vous ne pouvez pas réparer votre planque parce qu'elle n'est pas endommagée.,
STRS_hideoutaction_nobuy,Vous ne pouvez pas vous offrir cette planque.,
STRS_hideoutaction_already,Vous possédez déjà une planque.,
STRS_hideoutaction_info,Vous avez acheté une planque. Elle est disponible dans votre inventaire,
STRS_hideout_flagowner,Le proprio de cette planque est %1,
STRS_hideout_locked_entered,%1 est entré dans votre planque.,
STRS_hideout_locked,Planque verrouillée.,
STRS_hideout_unlocked,Planque déverrouillée.,
STRS_hideout_marker,Votre planque,
STRS_item_alreadygothideout,Vous avez déjà une planque.,
STRS_item_versicherung,Assurance bancaire,
STRS_item_versicherung_info,Vous ne pouvez pas perdre d'argent quand la banque est braquée tant que vous avez cet objet dans votre inventaire. Chaque fois que la banque est braquée une assurance bancaire sera enlevée.,
STRS_item_impound,Mettre en fourrière le véhicule,
STRS_item_impound_info,Avec cette amende vous pouvez mettre en fourrière un véhicule,
STRS_inventar_impound_zuweit,Il n'y a pas de véhicule ici,
STRS_inventar_impound_gesehen,%1 a mis en fourrière un véhicule (NOM: %2)!,
STRS_inventar_impound_already,Vous ne pouvez pas mettre en fourrière votre propre véhicule!.,
STRS_inventar_impound_success,Vous avez mis ce véhicule en fourrière!,
STRS_inventar_impound_noluck,Vous n'avez pas réussi à mettre ce véhicule à la fourrière,
STRS_item_lockpick,Crochet,
STRS_item_lockpick_info,Avec cet outil vous pouvez voler les véhicules des autres et en acquérir les clés.,
STRS_inventar_lockpick_zuweit,Aucun véhicule assez proche.,
STRS_inventar_lockpick_gesehen,%1 a été vu en train de voler un véhicule (plaque d'immatriculation: %2)!,
STRS_inventar_burglary,%1 a été vu entrant dans la maison de %2 !,
STRS_inventar_lockpick_already,Vous possédez déjà ce véhicule.,
STRS_inventar_lockpick_success,Vous avez les clés de ce véhicule!,
STRS_inventar_lockpick_noluck,Le crochet s'est brisé.,
STRS_item_holz,Bois,
STRS_item_eisenerz,Minerai de fer,
STRS_item_mineraloel,Pétrole minéral,
STRS_item_ebauteile,Composant électronique,
STRS_item_silizium,Silicone,
STRS_item_kupfer,Cuivre,
STRS_item_copper,Cuivre,
STRS_item_steel,Acier,
STRS_item_stahl,Acier,
STRS_item_schwarzpulver,Poudre noire,
STRS_item_schwefel,Sulfure,
STRS_item_kohle,Charbon,
STRS_item_gold,Or,
STRS_item_Diamond,Diamant,
STRS_item_erdoel,Pétrole,
STRS_item_glas,Vitre,
STRS_item_plastik,Plastique,
STRS_item_sand,Sable,
STRS_item_stahlwolle,Limaille d'acier,
STRS_item_Marihuana_Plant,Utilisé pour faire de la drogue,
STRS_item_Bundle_of_Grapes,Utilisé pour faire du vin,
STRS_item_oil,Utilisé pour faire des barilles de pétrole,
STRS_FoodContainer,Importé d'autres pays,
STRS_WeaponContainer,Importé d'autres pays,
STRS_MedicalContainer,Importé d'autres pays,
STRS_SupplyContainer,Importé d'autres pays,
STRM_verseuchte_zone,Zone contaminée,
STRS_item_farmitem_info,Cet objet peut être utilisé pour créer d'autres objets dans une usine.,
STRS_item_gold_info,Peut-être utilisé pour fabriquer des lingots d'or,
STRS_addaction_gesetz,Changer la loi,
STRD_dialogandere_gesetze_header,Changer les lois (Vous devez choisir un emplacement dans la liste en dessous. Il est peut être vide.),
STRD_dialogandere_gesetze_submit,Changé!,
STRS_gilde_gesetze_public,Le gouverneur a changé la loi: #%1 . Voici la nouvelle loi: %2,
STRS_stunned_enabled,Vous avez été assommé.,
STRS_stunned_disabled,Vous vous êtes réveillé.,
STRS_stunned_iamtheone,J'ai assommé %1! ,
STRS_stunned_incap,Vous avez été incapacité.\nUtilisez le menu des animations et jouez l'animation -retour à la normal- pour vous relever.,
STRS_alreadygotshop,Vous possédez déjà ce bâtiment.,
STRS_gotshop,"%1, Vous avez acheté ce bâtiment pour $%2.",
STRS_sellshop,"%1, Vous avez vendu ce bâtiment pour $%2.",
STRS_cop_inprison,Vous êtes en prison soit pour tir sur ami soit pour tir répété dans une zone restreinte.,
STRS_cop_freeprison,Vous êtes libre de nouveau.,
STRM_mission_marker_fac_weapon,Usine d'armes,
STRM_mission_marker_fac_vehicle,Usine de véhicule,
STRM_mission_marker_fac_item,Usine générale,
STRM_mission_marker_fac_res,Usine de ressources,
STRM_mission_marker_mine_erz,Mine de fer,
STRM_mission_marker_mine_oel,Puit de pétrole,
STRM_mission_marker_mine_kupfer,Mine de cuivre,
STRM_mission_marker_mine_holz,Bois,
STRM_mission_marker_mine_sand,Sable,
STRM_mission_marker_mine_silizium,Mine de silicone,
STRM_mission_marker_mine_schwefel,Mine de sulfure,
STRM_mission_marker_mine_kohle,Mine de charbon,
STRS_functions_crimelog_msg1,A braqué la banque et à volé $%1.,
STRS_functions_crimelog_msg2,A volé de l'argent à un autre citoyen.,
STRS_functions_crimelog_msg3,A tué un autre civil.,
STRS_functions_crimelog_msg4,A tué un autre policier.,
STRS_functions_crimelog_msg5,A été envoyé en prison.,
STRS_functions_crimelog_msg6,A été relâché de prison.,
STRS_functions_crimelog_msg7,S'est échappé de prison.,
STRS_functions_crimelog_msg8,Est mort.,
STRS_functions_crimelog_msg9,A payé une amende de %1.,
STRS_functions_crimelog_msg10,A utilisé une bombe.,
STRS_functions_crimelog_msg11,A un esclave.,
STRS_functions_crimelog_msg13,A été vu en train de voler %1,
STRS_functions_crimelog_msg14,A été vu essayant de voler,
STRS_functions_crimelog_msg15,Est un assassin,
STRS_functions_crimelog_msg16,A été vu en train de cambrioler,
STRS_functions_crimelog_msg17,A été vu en train d'essayer de cambrioler une maison,
STRS_addaction_wahlen,Vote pour un gouverneur,
STRS_addaction_chief,Vote pour un Chef de la police,
STRS_chief_votedfor,Vous avez voté pour %1 en tant que chef de la Police. Le résultat se montré à la fin du mandat du gouvernement en place.,
STRS_chief_nomajor,Actuellement aucun chef de la police n'a été élu.,
STRS_chief_majorstays,L'actuel chef de la police a été réélu.,
STRS_chief_new,%1 est maintenant le chef de la Police! Il a été élu avec %2 voix.,
STRD_description_wahl_header,Élection,
STRD_description_wahl_submit,Élire un gouverneur,
STRS_mayor_new,%1 est maintenant le nouveau Gouverneur! Il a été élu avec %2 voix.,
STRS_regierung_votedfor,Vous avez voté pour %1. Le résultat sera montré à la fin du mandat du gouvernement en place.,
STRS_regierung_nomajor,Actuellement aucun Gouverneur n'a été élu. Allez voter!,
STRS_regierung_majorstays,L'ancien Gouverneur a été réélu.,
STRD_description_steuer_header,Changer les taxes,
STRD_description_steuer_submit,Changer les taxes!,
STRS_dialogandere_steuerdialog_itemsteuer,Taxe sur les objets: %1 Pourcent,
STRS_dialogandere_steuerdialog_fahrzeugsteuer,Taxe sur les véhicules: %1 Pourcent,
STRS_dialogandere_steuerdialog_magazinsteuer,Taxes sur les chargeurs d'armes: %1 Pourcent,
STRS_dialogandere_steuerdialog_waffesteuer,Taxes sur les armes: %1 Pourcent,
STRS_dialogandere_steuerdialog_banksteuer,Taxe sur les transfères bancaires: %1 Pourcent,
STRS_addaction_steuern,Changer les taxes,
STRS_player_not_ingame,Erreur : le joueur n'est pas en jeu.,
STRS_maxmoney,Vous ne pouvez pas avoir plus de $999 999 999 dans votre inventaire.,
STRS_maxbank,Vous ne pouvez pas avoir plus de $31 000 000 en banque.,
STRS_not_copaction,Vous n'êtes pas un policier et vous ne pouvez pas effectuer cette action.,
STRS_kein_geld,Pas assez d'argent.,
STRS_check_inventargeld,Vous recevez $%1.,
STRS_not_ingame,Le joueur sélectionné n'est pas en jeu.,
STRS_wrong_input,Mauvaise donnée saisie. Vous n'êtes pas autorisé à utiliser ce caractère (%1).,
STRS_text_zu_lang,Le texte saisi est trop long.,
STRS_no_selection,Rien n'est sélectionné.,
STRS_empty_string,,
STRS_ja,Oui,
STRS_nein,Non,
STRS_keine,Aucun,
STRS_keins,Rien,
STRS_were,était,
STRS_nowere,n'était pas,
STRS_no_valid_number,La valeur n'est pas un nombre valide.,
STRD_grafikeinstellungen_header,Paramètres,
STRD_grafikeinstellungen_header_terrain,Détail du terrain,
STRD_grafikeinstellungen_header_viewdistance,Distance de vue,
STRD_grafikeinstellungen_close,Fermer,
STRS_inv_kein_geld,Pas assez d'argent.,
STRS_inv_no_valid_number,La valeur n'est pas un nombre valide.,
STRS_inv_fac_buy,Acheter cette usine pour ($%1),
STRS_inv_fac_mani,Manufacturer un objet,
STRS_inv_fac_storage,Stockage,
STRS_inv_fac_success,Objet manufacturé!,
STRS_inv_no_selection,Vous n'avez pas sélectionner d'objet.,
STRS_inv_fac_cannot_mani_item,Vous ne pouvez pas manufacturer cet objet.,
STRS_inv_fac_not_enough,Vous n'avez pas assez d'objet dans le stockage de cette usine.,
STRS_inv_facdialog_menge,%1 (%2x - %3 disponible),
STRS_inv_description_factory_manifacture,Manufacturer (%1x),
STRS_inv_fac_dia_herstellen,M A N U F A C T U R E R - O B J E T,
STRS_inv_fac_dia_lager,Fonds nécessaires - Stockage,
STRS_inv_actions_itemgather,Prendre l'objet,
STRS_inv_actions_buy,Acheter %1 ($%2),
STRS_inv_buylicense_alreadytrue,Vous avez déjà cette licence.,
STRS_inv_buylicense_nomoney,Vous n'avez pas assez d'argent pour cette licence.,
STRS_inv_buylicense_gottraining,Vous avez acheté %2 pour $%1.,
STRS_inv_buylicense_alreadyfalse,Vous n'avez pas cette License.,
STRS_inv_buylicense_losttraining,Vous avez perdu votre %1.,
STRS_inv_buyitems_get_zuschwer,Votre poids a atteint la capacité maximale. Vous n'êtes pas en mesure de transporter plus d'objets.,
STRS_inv_buyitems_get_erhalten,Vous avez %1 %2.,
STRS_inv_buyitems_notallowed,Vous n'êtes pas autorisé à acheter ce produit.,
STRS_inv_cannotUseNow,Vous ne pouvez pas utiliser l'inventaire maintenant.,
STRS_inv_inventar_weggeworfen,Vous avez déposé un objet.,
STRS_inv_inventar_drop_zuwenig,Vous n'avez pas suffisamment d'objets à déposer.,
STRS_inv_inventar_ablege_verbot,Vous n'êtes pas autoriser à déposer cet objet.,
STRS_inv_inventar_cannotuse,Vous ne pouvez pas utiliser cet objet.,
STRS_inv_inventar_gotfromotherplayer,Vous recevez %1 %2 de %3.,
STRS_inv_inventar_cannotdrop,Vous ne pouvez pas déposer un objet tout de suite.,
STRS_inv_inventardialog_empty,Votre inventaire est vide.,
STRS_inv_inventardialog_amount,Montant: %1,
STRS_inv_storage_took,Vous avez pris %1 des objets.,
STRS_inv_storage_toomuch,Il n'y a pas autant d'objets dans le stockage.,
STRS_inv_storage_dropnotallowed,Vous n'êtes pas autorisé à déposer cet objet dans l'usine.,
STRS_inv_storage_dropunablesomuch,Vous n'êtes pas capable d'en déposer autant.,
STRS_inv_storage_dropped,Vous avez déposé %1 des objets.,
STRS_inv_storage_cannotdropsomuch,Vous ne pouvez pas en déposer autant ici.,
STRS_inv_storage_deleted,%1 unités de l'objet supprimé.,
STRS_inv_storage_spam,Vous êtes toujours en train de prendre/déposer des objets... Attendez quelques secondes.,
STRS_inv_alreadygotshop,Vous possédez déjà ce bâtiment.,
STRS_inv_fabrik_dialogheader1,Prendre les objets,
STRS_inv_fabrik_dialogheader2,Stocker les objets,
STRS_inv_storagedialog_take,Prendre %1 Objet(s) (%2kg),
STRS_inv_storagedialog_drop,Déposer %1 Objet(s) (%2kg),
STRS_inv_shopdialog_geld,Argent: $%1,
STRS_inv_shopdialog_itemshop,Votre argent actuel: $%1,
STRS_inv_buyitems_maxgewicht,Poids max atteint. Vous ne pouvez pas transporter d'autres objets.,
STRS_inv_buyitems_keingeld,Vous n'avez pas assez d'argent.,
STRS_inv_buyitems_gekauft,Vous avez acheté %1 %2 pour $%3,
STRS_inv_buyvehicles_store_in_use,Ce magasin est occupé en ce moment. Merci de réessayer plus tard.,
STRS_inv_buyvehicles_buy_car,Vous avez acheté un %1 pour $%2. Merci de patienter 5 secondes, le temps que le véhicule apparaisse.,
STRS_inv_buyvehicles_destroyed,Le véhicule est détruit.,
STRS_inv_buyvehicles_noowner,Vous n'êtes pas le proprio du véhicule.,
STRS_inv_buyitems_sell_notenough,Vous n'avez pas assez d'objets à vendre.,
STRS_inv_buyitems_verkauft,Vous avez vendu %1 %2 pour $%3.,
STRS_inv_buyitems_sell_toofar,Le véhicule est trop loin.,
STRS_inv_buyitems_nolicense,Vous avez besoin d'un %1 pour acheter ça.,
STRS_inv_buyitems_nolicensecop,Vous avez besoin de %1 pour acheter ça.,
STRS_inv_shop_sold,Vous avez vendu %1 %2 pour $%3.,
STRS_inv_shop_vehiclesold,Vous avez vendu le véhicule pour $%1.,
STRD_inv_description_inventar_header,Inventaire,
STRD_inv_description_factory_manifacture_header,Usine,
STRD_inv_description_close,Fermer,
STRD_inv_description_itemmenu_title,Acheter objet,
STRD_inv_description_itemmenu_title2,Vendre objet,
STRD_inv_description_inventar_use,Utiliser,
STRD_inv_description_buyitem_close,Fermer,
STRD_inv_description_inventar_drop,Déposer,
STRD_inv_description_inventar_schluessel_uebergabe,Donner à un joueur,
STRD_inv_description_inventar_item,Objet:,
STRD_inv_description_inventar_amount,Montant:,
STRD_inv_description_inventar_addinfo,Informations additionnelles:,
STRD_inv_description_inventar_gewicht,Poids de l'objet seul/ensemble:,
STRS_inv_not_ingame,Le joueur sélectionné n'est pas connecté.,
STRS_inv_inventar_uebergabe_self,Vous ne pouvez rien vous donner.,
STRS_inv_inventar_uebergabe_distance,Vous devez êtes à moins de 20 mètres du joueur sélectionné.,
STRS_inv_inventar_uebergabe_verbot,Vous ne devez pas donner cet objet à d'autres joueurs.,
STRS_inv_inventar_uebergabe_zuwenig,Vous n'avez pas assez d'argent pour acheter autant d'objets.,
STRS_inv_inventar_uebergabe_success_self,Vous avez donné %1 %2 unité de %3.,
STRS_inv_inventar_uebergabe_schluessel_success,Vous avez reçu une clé d'un autre joueur. La clé est maintenant sur votre porte-clés.,
STRS_inv_inventar_uebergabe_schluessel_success_self,Vous avez donné la clé pour le véhicule au joueur (elle a été retirée de votre trousseau).,
STRS_item_geld,Argent,
STRS_item_geld_info,"Acheter licenses, Véhicules, Armes, Drogues et autres objets! A noter que vous ne pouvez pas porter plus de $99 999 999.",
STRS_inventar_geld,Vous ne pouvez pas utiliser d'argent.,
STRS_inv_item_defuser,Désarmer,
STRS_inv_item_defuser_info,Avec cet outil vous pouvez désarmer des mines et des charges explosives.,
STRS_inv_items_defuser_success,Bombe désarmée.,
STRS_inv_items_defuser_failed,Vous avez fait une erreur en désarmant la bombe et vous a explosé à la guelle!,
STRS_inv_items_defuser_nobomb,Aucune bombe à désarmer.,
STRS_inv_item_OilBarrel,Rempli de pétrole,
STRS_inv_item_lighter,Briquet,
STRS_inv_item_lighter_info,hmm je me demande si je peux utiliser ceci pour faire brûler une voiture,
STRS_inv_item_repairkit,Kit de réparation,
STRS_inv_item_repairkit_info,Utilisez-le à l'intérieur d'un véhicule pour réparer le véhicule. Vous devez être en conducteur,
STRS_inv_item_fuelcut,Kit de syphonnage,
STRS_inv_item_fuelcut_info,Utilisez pour vider l'essence d'une voiture.,
STRS_inv_item_kanister,Jerrycan,
STRS_inv_item_kanister_info,Un jerrycan. Utilisez le pour remettre de l'essence dans votre véhicule.,
STRS_inv_items_ignite_ignite,Le réservoir est en feu! Sortez vite avant qu'il n'explose!,
STRS_inv_items_repair_refuel_wrongkit,Cet objet n'est pas fait pour être utiliser dans un aussi gros véhicule.,
STRS_inv_items_repair_refuel_notincar,Pas dans un véhicule,
STRS_inv_items_ignite_ignite_notincar,Pas dans un véhicule,
STRS_inv_items_repair_refuel_notdriver,Vous n'êtes pas le conducteur,
STRS_inv_items_repair_notneeded,Votre véhicule n'est pas endommagé,
STRS_inv_items_repair_repaired,Vous avez réparé ce véhicule,
STRS_inv_items_empty_notneeded,Votre véhicule est déjà à sec,
STRS_inv_items_empty_refueled,Vous avez vidé le réservoir,
STRS_inv_items_refuel_notneeded,Votre réservoir est déjà plein,
STRS_inv_items_refuel_refueled,Vous avez fait le plein de votre véhicule,
STRS_inventar_repair_repaired,Vous avez réparé votre véhicule.,
STRS_inv_items_repair_wrongvcl,Vous ne pouvez pas réparer ce véhicule.,
STRS_inv_item_medikit,Kit de soin,
STRS_inv_item_medikit_info,Le kit de soin restaure la santé à 100%. Utilisez le.,
STRS_inv_items_medikit_nichtverletzt,Vous n'êtes pas blessé.,
STRS_inv_items_medikit_benutzung,Attendez 5 secondes vous êtes en train de vous soigner.,
STRS_inv_items_medikit_fertig,Vous êtes en pleine santé.,
STRS_inv_item_schluesselbund,Trousseau,
STRS_inv_item_schluesselb_info,Sur ce trousseau il y a les clés de tous les véhicules que vous possédez. Utiliser cet objet va ouvrir une fenêtre où vous pourrez choisir un véhicule que vous voulez vérrouiller/déverrouiller.,
STRS_inv_items_vehiclelock_closer,Vous avez besoin d'être plus proche de votre voiture!,
STRS_inv_items_vehiclelock_locked,Véhicule verrouillé.,
STRS_inv_items_vehiclelock_unlocked,Véhicule déverrouillé.,
STRS_inv_items_uebergabe_schluessel_success_self,Vous avez donné une copie de votre clé pour le véhicule sélectionné au joueur.,
STRS_inv_items_uebergabe_schluessel_success,Vous avez reçu la clé d'un autre joueur. La clé a été ajoutée à votre trousseau.,
STRS_inv_items_weggeworfen,Vous avez déposé l'objet.,
STRS_inv_item_nitro,Nitro,
STRS_inv_item_nitro_info,Amélioration de vitesse pour véhicules. Utilisez à l'intérieur d'un véhicule pour installer la nitro.,
STRS_inv_item_supgrade_info,Utiliser cet objet dans un véhicule pour améliorer la vitesse de façon permanente. Vous devez être ingénieur pour installer l'amélioration.,
STRS_inv_item_ziptie_info, Menotté votre otage pour l'empêcher de fuir.,
STRS_inv_items_speed_no,Vous ne pouvez pas améliorer cette voiture!,
STRS_inv_items_speed_car,Vous n'êtes pas à l'intérieur d'un véhicule.,
STRS_inv_items_speed_tuned,Vous avez amélioré cette voiture!,
STRS_inv_items_speed_nodriver,Vous n'êtes pas le conducteur du véhicule.,
STRS_inv_items_speed_notmoving,Le véhicule ne bouge pas.,
STRS_inv_items_speed_nocar,Vous n'êtes pas dans un véhicule!,
STRS_inv_items_speed_nitroenabled,Nitro disponible,
STRS_inv_items_speed_action,Utiliser Nitro,
STRS_inv_item_waffentascbe,Sac d'arme,
STRS_inv_item_waffentascbe_info,Avec cet objet vous pouvez enlever une arme couchée sur le sol,
STRS_inv_items_weapondeleted,%1 armes supprimées (Rayon 5m).,
STRS_inv_items_itemdeleted,%1 objets supprimés (Rayon 10m).,
STRS_inv_items_weaponcargocleared,Cargo d'arme nettoyé!,
STRS_inv_item_waffe,Arme,
STRS_inv_item_waffe_info,Vous possédez une arme dans votre étui. Pour l'utiliser appuyé sur Utilisé dans l'inventaire,
STRS_inv_item_waffe_noholster,Vous ne pouvez pas mettre/sortir votre arme à/de l'étui,
STRS_inv_item_waffe_noweapon,Aucune arme à cacher.,
STRS_inv_item_waffe_weaponHidden,Arme cachée dans l'inventaire. Vous pouvez la sortir en utilisant votre inventaire.,
STRS_inv_item_waffe_weaponHiddenAlready,Arme cachée dans l'inventaire,
STRS_inv_item_waffe_weaponTakenout,Arme secondaire dégainée. Soyez prudent. Vous pourriez avoir besoin d'appuyer sur F pour le selectionner.,
STRS_inv_items_ressources,Les ressources ne peuvent pas être utilisées. Vous devez les déposer dans les usines.,
STRS_inv_item_seil,Corde,
STRS_inv_item_seil_info,Cet article ne peut être utilisée que dans les hélicoptères. Avec cet article, il est possible de fixer un véhicule à l'hélicoptère.,
STRS_inv_item_seil_notinheli,Vous n'êtes pas dans un hélicoptère.,
STRS_inv_item_seil_notcloseenough,Vous n'êtes pas assez près d'un véhicule.,
STRS_inv_item_seil_closetoground,Vous tes trop près du sol.,
STRS_inv_item_seil_action_release,Lâcher le véhicule,
STRS_inv_item_seil_action_released,Déposer le véhicule.,
STRS_inv_item_cocaine,Cocaïne,
STRS_inv_item_marihuana,Marijuana,
STRS_inv_item_lsd,LSD,
STRS_inv_item_heroin,Héroïne,
STRS_inv_item_alkohol_info,Buvez et vous serez Bourré Houtchhh :),
STRS_inv_item_beer,Bière,
STRS_inv_item_vodka,Vodka,
STRS_inv_item_smirnoff,smirnoff ICE,
STRS_inv_item_wiskey,wiskey,
STRS_inv_item_wine,vin,
STRS_addAction_drugdealerbust," ""Arrêter un dealer""",
STRS_drugdealer_busted_more_money,"Vous avez une paie supplémentaire de 10.000 $, car la Police à arrêter le dealer de drogue",
STRS_drugdealer_busted,Le dealer a été arrêter!,
STRS_drugdealer_destroyedorbusted,Le dealer a été arrêté ou tué !,
STRS_inv_item_drogen_info,La drogue peut être vendue à un des drapeaux ou peut être utilisée par les joueurs,
STRS_inv_item_druguse_toomany,Vous ne pouvez pas utiliser plusieurs drogues en même temps.,
STRS_inv_item_druguse_ende,Les effets de la drogue diminue.,
STRS_inv_item_roadblock,Petit barrage,
STRS_inv_item_roadblock_info,"Un barrage routier. Pour le placer, appuyez sur utiliser. Pour l'enlever, marchez jusqu'à lui et sélectionnez l'action correspondante.",
STRS_inv_item_bargate_info,"Un portique. Pour le placer, appuyez sur utiliser. Pour l'enlever, marchez jusqu'à lui et sélectionnez l'action correspondante. Il peut également être ouverte et fermée par l'intermédiaire du menu d'actions.",
STRS_inv_item_concretebarriershort_info,Grand et petit muret de béton,
STRS_inv_item_concretebarrierlong_info,Grand et long mur de béton,
STRS_inv_item_spikestrip_info,"Une herce. Pour la placer, appuyez sur utiliser. Pour l'enlever, marchez jusqu'à elle et sélectionnez l'action correspondante.",
STRS_inv_item_stopsign_info,"Un panneau d'arrêt.",
STRS_inv_item_BigbagfenceCorner_info,"Un mur de sacs de sable (coin).",
STRS_inv_item_bigbagfence_info,"Un mur en sac de sable.",
STRS_inv_item_bigbagfenceRound_info,"Un mur arrondi en sac de sable.",
STRS_inv_item_bunkersmall_info,"Un petit bunker.",
STRS_inv_item_danger_info,"Un panneau de danger.",
STRS_inv_item_land_ladder_half_info,"Une échelle pour escalader des bâtiments.",
STRS_inv_item_roadcone_info,"Cone de signalisation.",
STRS_inv_item_factory_info,"Usine. Allez dans votre inventaire et appuyez sur placer.",
STRS_inv_item_officebuilding_info,"Immeuble de bureaux. Allez dans l'inventaire et appuyez sur utiliser l'article, pour ramasser l'élément",
STRS_inv_item_barrack_info,"Caserne. Allez dans votre inventaire et appuyez sur utiliser l'objet à placer, pour ramasser l'élément.",
STRS_inv_item_smallhouse_info,"Petite Maison. Allez dans votre inventaire et appuyez sur utiliser l'objet a placer, pour ramasser en vol stationnaire.",
STRS_inv_item_sperre_nomoney,Vous ne pouvez pas faire ce barrage.,
STRS_inv_item_sperre_built,Vous avez construit un barrage,
STRS_inv_item_sperre_moved,S'il vous plaît attendre quelques secondes pour que le barrage soit déplacé.,
STRS_inv_item_sperre_invcl,Vous ne pouvez pas placer un barrage à l'intérieur d'un véhicule.,
STRS_inv_item_sperre_hiernicht,Vous ne pouvez pas placer l'objet dans cette zone.,
STRS_inv_item_handy,Samsung Galaxy S10,
STRS_inv_item_handy_info,L'utilisation d'un téléphone mobile, vous pouvez envoyer des messages privés d'autres joueurs. Lorsque vous l'utilisez,
STRS_inv_item_handy_keingeld,Vous ne pouvez pas envoyer de SMS.,
STRS_inv_item_handy_gesendet,Vous avez envoyé un SMS à %1.,
STRS_inv_item_handy_nachricht,%2 vous a envoyé un SMS: %1,
STRS_inv_item_handy_nichterreicht,%1 n'a pas de téléphone. Votre message ne lui est pas parvenu.,
STRS_inv_item_handy_leermsg,Vous ne pouvez pas envoyer un sms vide.,
STRS_inv_item_handy_noplayer, Le joueur sélectionner n'est pas en jeu.,
STRS_inv_item_handy_text_zu_lang,Le texte est trop long.,
STRS_inv_item_Weapons,Le container est rempli d'armes orientales,
STRS_inv_item_vclammo,Munition de véhicule,
STRS_inv_item_vclammo_info,Munitions pour armes fixes sur les véhicules. Utilisez une telle boite dans les véhicules pour remplir les armes du véhicule.,
STRS_inv_item_vclammo_nomg,Ce véhicule n'a pas d'arme qui peut être réarmée.,
STRS_inv_item_vclammo_rearmed,Vous avez réarmé ce véhicule.,
STRS_inv_item_vclammo_novehicle,Vous n'êtes pas dans une véhicule.,
STRS_inv_item_objs,Objet,
STRS_inv_item_objs_info,Utilisez cet objet pour le faire apparaître.,
STRS_inv_item_obj_take,Supprimer l'objet,
STRS_inv_item_obj_packed,Vous avez pris cet objet,
STRS_inv_item_obj_invcl,Vous ne pouvez pas placer l'objet tout en étant dans un véhicule.,
STRS_inv_item_obj_hiernicht,Vous ne pouvez pas placer cet objet ici.,
STRS_inv_item_obj_bauen,L'objet spawn dans cinq secondes,
STRS_inv_item_obj_toomany,Vous avez déjà placé trop objets.,
STRS_inv_item_obj_cantpack,Vous ne pouvez pas supprimer cela! Contrôlez votre poids?,
STRS_inv_item_fernbombe,Télécommandez la voiture piégée,
STRS_inv_item_fernbombe_info,Une voiture piégée. Elle explose quand vous utilisez la télécommande.\n\nPour planter la bombe; montez dans la voiture,
STRS_inv_item_zeitbombe,Voiture piégée avec minuterie,
STRS_inv_item_zeitbombe_info,Une voiture piégée. Elle explose quand le compteur arrive à 0,
STRS_inv_item_enginebombe,Allumer la voiture piégée,
STRS_inv_item_enginebombe_info,"Une voiture explosive. Elle explose si le moteur est allumé. Pour placer la bombe, montez dans la voiture, ouvrez l'inventaire, sélectionnez la bombe et appuyez sur Utiliser.",
STRS_inv_item_fernzuender,Télécommande de la bombe,
STRS_inv_item_zuender_info,Utilisez la pour faire sauter la bombe connectée. Déposez la pour désamorcer la bombe.,
STRS_inv_item_speedbombe,Voiture explosive avec l'activation de la vitesse,
STRS_inv_item_speedbombe_info,"Une voiture explosive. Elle s'active quand le joueur roule plus vite que la vitesse que vous avezsélectionné et elle explose quand il roule plus lentement.",
STRS_inv_item_vehiclebomb_action_deactivate,Désactiver la bombe,
STRS_inv_item_vehiclebomb_action_changetimer,Changer la minuterie,
STRS_inv_item_vehiclebomb_timebombconfig_sec,%1 sec,
STRS_inv_item_vehiclebomb_speedbombconfig_kmh,%1 kph,
STRS_inv_item_vehiclebomb_notinvehicle,Vous devez être dans un véhicule pour utiliser la bombe pour voiture,
STRS_inv_item_vehiclebomb_legen_gesehen,Watch out! Vous avez vu %1 planté une bombe pour voiture dans ce véhicule!,
STRS_inv_item_vehiclebomb_notexist,La bombe n'existe plus.,
STRS_inv_item_vehiclebomb_changed,Temps restant initialisé à %1 secondes.,
STRS_inv_item_vehiclebomb_defused,Bombe désarmée.,
STRS_inv_item_vehiclebomb_changetimer,Changer la minuterie,
STRS_inv_item_vehiclebomb_sec,%1 sec,
STRS_inv_item_vehiclebomb_deactivated,Bombe désactivée!,
STRS_inv_item_vehiclebomb_speedbomb_activated,Attention,
STRS_inv_item_vehiclebomb_planted,Vous avez planté une bombe (ID: %1).,
STRS_inv_item_Bottled_water,Eau,
STRS_inv_item_drink_info,Dans vos statistiques vous pouvez voir au combien vous avez soif,
STRS_inv_item_Bread,Pain,
STRS_inv_item_fisch,Poisson,
STRS_inv_item_getreide,Blé,
STRS_inv_item_nahrung_info,Dans vos statistiques vous pouvez voir au combien vous avez faim. Ne laissez pas votre faim monter à 100 ou vous mourrez!,
STRS_inv_item_nahrung_gegessen,Vous avez mangé quelque chose et vous êtes nourri à %1/100,
STRS_inv_item_nahrung_verhungern,Vous mourrez de faim.,
STRS_inv_item_drink_verthirstn,Vous êtes déshydraté.,
STRS_inv_item_drink_gegessen,Vous avez bu quelque chose et vous êtes hydraté à %1/100,
STRS_inv_item_selbstmordbombe,Bombe suicide,
STRS_inv_item_selbstmordbombe_info,Quand vous utilisez cet objet,
STRS_inv_item_selbstmordbombe_globalmsg,Allah Hu Akbar!,
STRS_bank_rob_titlemsg,!! Attention !! Quelqu'un tente de braquer la banque !! Attention !!,
STRS_bank_rob_lostnomoney,Grâce à votre assurance bancaire vous n'avez pas perdu d'argent mais vous avez perdu une assurance bancaire.,
STRS_bank_rob_somemoneylost,La banque a été braquée. Vous avez perdu $%1 vous avez encore $%2 sur votre compte.,
STRS_death_somemoneylost,Vous êtes mort. Vous avez perdu 10 pourcent ce qui équivaut à $%1 , il vous reste $%2 sur votre compte.,
STRS_bank_rob_allmoneylost,La banque a été braqué. Vous avez perdu tout votre argent présent sur votre compte!,
STRS_bank_rob_success,Vous avez braqué la banque avec succès. Évadez vous avant que la police ne vous attrape!,
STRS_bank_mafia_success,Vous avez confisqué l'argent avec succès.,
STRS_bank_rob_nosuccess,Vous vous êtes échappé trop tôt et vous n'avez pas pris d'argent!,
STRS_bank_rob_info,Vous avez décidé de braqué la banque. Restez ici le temps de prendre l'argent et ensuite cassez vous d'ici!,
STRS_bank_rob_noweapon,Vous ne pouvez pas braqué la banque sans arme.,
STRS_bank_rob_no,Vous ne pouvez pas braqué la banque pour le moment.,
STRS_bank_dialog_inventargeld,Argent dans votre inventaire: $%1,
STRS_bank_dialoge_accountgeld,Argent sur votre compte en banque: $%1,
STRS_bank_dialoge_tax,Taxes:,
STRS_bank_dialoge_robbsperre,Vous avez braqué la banque il y a quelques minutes. Vous ne pouvez pas le refaire pendant %1 minutes,
STRS_bank_no_money,Vous n'avez pas assez d'argent sur votre compte en banque,
STRS_bank_deposit_other_no,Vous n'avez pas assez d'argent sur votre compte en banque.,
STRS_bank_deposit_self_no,Vous n'avez pas assez d'argent sur votre compte en banque pour effetcuer le transfert sur le compte désiré.,
STRS_bank_deposit_other_no2,Vous n'avez pas assez d'argent sur votre compte en banque pour effectuer le trasnfert désiré.,
STRS_bank_account_getmoney,Vous avez reçu $%1 de %2 sur votre compte en banque.,
STRS_bank_deposit_yes,$%1 transféré avec succès vers le compte désiré. Merci de noter que vous avez dû payer une taxe de %2 pourcent. Vous avez donc dû payer %3.,
STRS_bank_deposit_self_yes,$%1 transféré sur votre propre compte.,
STRS_bank_withdraw_yes,$%1 retirés avec succès.,
STRS_bank_zinsen,"Vous recevez %2 pourcent d'intérêt de la banque, vous avez $%1 sur votre compte.",
STRS_bank_no_valid_number,La valeur n'est pas un nombre valide.,
STRS_bank_player_not_ingame,Error: Joueur n'est pas en jeu.,
STRS_bank_hints_account_balance,Vous recevez %1$ sur votre compte.,
STRS_bank_addaction_robb,Voler la banque,
STRS_bank_addaction_dialog,Menu de la banque,
STRS_bank_addaction_balance,Compte en banque,
STRD_bank_description_title,Banque,
STRD_bank_description_deposit_transfer,Déposer/Transférer,
STRD_bank_description_selectplayer,Choisir joueur:,
STRD_bank_description_steuern,Incl. Taxes:,
STRD_bank_description_bank_withdraw,Retirer,
STRD_bank_description_submit,Accepter,
STRD_bank_description_cancel,Annuler,
STRD_bank_description_withdraw,Retirer,
STRS_gasstation_bereits_getankt,Le réservoir de ce véhicule est déjà à 100%.,
STRS_gasstation_tanken_vclleft,Restez à l'intérieur de la voiture pendant que le plein se fait.,
STRS_gasstation_tanken_vclmoved,Vous avez annulé le plein en bougeant votre véhicule.,
STRS_gasstation_tanken_money,Vous n'avez pas assez d'argent pour faire le plein complètement.,
STRS_gasstation_tanken_finished,Le réservoir de ce véhicule est à 100% à nouveau!,
STRS_gasstation_tanken_zwischenmsg,Statut du réservoir: %1 of 100. \n Vous avez ajouté 10 litres dans votre voiture,
STRS_addaction_buy_gas,Payer $%1 pour 10 litres d'essence,
STRS_invest_action,Investir dans le business,
STRS_invest_nomoney,Vous n'avez pas assez d'argent.,
STRS_invest_wait,Attendez 15min pour que votre business grandisse et se vende de lui même,
STRS_invest_lost,"Désolé, pas de chance cette fois.",
STRS_invest_winner,"Félicitation, vous avez gagné $%1!",
STRD_ivnest_title,Investissement,
STRD_invest_buyticket,Investissement dans le business,
STRD_invest_cancel,Annuler,
STRS_lotto_action,Jouez au Lotto,
STRS_lotto_lost,Désolé,
STRS_lotto_winner,Félicitation,
STRS_lotto_nomoney,Vous n'avez pas assez d'argent.,
STRS_lotto_wait,Attendez 5 secondes pour votre ticket de Lotto.,
STRD_lotto_title,Lotto,
STRD_lotto_buyticket,Acheter ticket,
STRD_lotto_cancel,Annuler,
STRS_workplacemission_weapon_alreadyhave,Vous avez déjà un boulot de livraison d'arme. Prenez les armes %1,
STRS_workplacemission_weapon_startjob,Allez chercher une arme %1,
STRS_workplacemission_weapon_donthave,Vous navez pas de boulot de livraison d'arme,
STRS_workplacemission_weapon_finish,Vous avez livré les armes %1 et 3 $%2.,
STRS_workplacemission_weapon_cannotfinish,Vous n'avez pas les armes requises (%1). Revenez quand vous en aurez.,
STRS_workplacemission_weapon_zeitsperre,"Vous devez attendre au moins %1 minutes depuis votre ancien boulot pour en avoir un nouveau,
STRS_workplacemission_addaction_searchjob,Recherche de boulot,
STRS_workplacemission_addaction_searchjob_cancel,Annuler la recherche de boulot,
STRS_workplacemission_delivery_finish,Vous avez fini votre mission de livraison et 3 $%1!,
STRS_workplacemission_deliverymsg_1,Voici un package d'armes. Amenez le à notre client à %1.,
STRS_workplacemission_deliverymsg_2,Un client à %1 a besoin de ce package.,
STRS_workplacemission_deliverymsg_3,Prenez cette clé USB et amenez la chez %1.,
STRS_workplacemission_deliverymsg_4,Un de nos client à %1 veut son package.,
STRS_workplacemission_deliverymsg_5,"Voici quelques documents, livrez les à l'un de nos clients à %1.",
STRS_workplacemission_deliverymsg_6,Voici de nouveaux jeux vidéos pour notre client à %1.,
STRS_workplacemission_deliverymsg_7,Notre client à %1 requière des stockages externes. Livrez les lui.,
STRS_workplacemission_deliverymsg_8,Prenez ce paquet et livrez le à notre client à %1.,
STRS_workplacemission_deliverymsg_9,Il y a des documents secrets dans cette attaché caisse. Amenez les à notre cleint à %1.,
STRS_workplacemission_deliverymsg_10,Ce paquet est pour notre client à %1. Amenez le lui.,
STRS_workplacemission_searchjob_targetreached,Vous avez trouvé l'objet que vous deviez trouver. Approchez vous pour finir le boulot.,
STRS_workplacemission_search_finish,Vous avez trouvé la cible et 3 $%1!,
STRS_workplacemission_searchmsg_1,Une voiture a été abandonnée dans la foret. Trouvez là.,
STRS_workplacemission_searchmsg_2,Un blackhawk s'est crashé dans la foret. Trouvez le.,
STRS_workplacemission_searchmsg_3,Un Ural a été abandonné dans la foret. Trouvez le.,
STRS_workplacemission_delivery_finishaction,Finir la mission de Livraison!,
STRS_workplacemission_search_finishaction,Trouvez cet objet!,
STRS_addaction_weaponjob_anfang,Prendre le boulot de livraison d'arme,
STRS_workplacemission_weaponjob_ende,Finir le boulot de livraison d'arme,
STRS_workplacemission_already,Vous avez déjà un lieu de travail.,
STRS_workplacemission_plane_nospace,Vous n'avez pas assez de place dans votre véhicule, pour plus de passagers.,
STRS_workplacemission_taxi_action,Course de Taxi,
STRS_workplacemission_taxi_cancelaction,Terminé la course de Taxi,
STRS_workplacemission_taxi_alreadyinuse,"Soit, vous êtes déjà en course, ou vous venez d'annulé une course dans les %1 minutes, donc vous ne pouvez pas en recommencer une autre tout de suite. ",
STRS_workplacemission_taxi_marker_kunde,Votre client vous attend ici,
STRS_workplacemission_taxi_marker_ziel,Votre client souhaiterai aller ici,
STRS_workplacemission_taxi_begin,Votre client vous attend ici. Vous pouvez voir sa position sur la carte. Roulez à environ 20 mètres de votre client, il sera à bors de votre véhicule automatiquement.,
STRS_workplacemission_taxi_wannagetin,Votre client souhaite entrée dans votre véhicule, patienter jusqu'à ceux qu'il soit monté.,
STRS_workplacemission_taxi_target,Amener votre client à l'endroit indiqué sur votre carte!,
STRS_workplacemission_taxi_success,Votre client est arrivé à bonne destination. Pour cette course vous avez gagné $%1. Vous pourrez reprendre une nouvelle course dans quelques secondes.,
STRS_workplacemission_taxi_failure,Vous ou votre passager êtes morts. La Course de taxi est annulée.,
STRS_workplacemission_taxi_canceled,Vous avez terminé votre course de Taxi.,
STRS_workplacemission_taxi_nospace,Vous n'avez plus de place dans votre véhicule pour un autre client.,
STRS_rennen_kein_vehicle,Vous devez être le conducteur du véhicule.,
STRS_rennen_already_racemember,Vous avez déjà rejoint la course.,
STRS_rennen_kein_fahrer,Vous devez être le conducteur du véhicule.,
STRS_rennen_falsches_vcl,Vous ne posséder pas la bonne voiture, pour rejoindre la course,
STRS_rennen_hat_angefangen,La course à déjà commencé.,
STRS_rennen_no_racemoney,Vous ne pouvez pas faire ceci.,
STRS_rennen_joinedrace,Vous avez rejoint la course.,
STRS_rennen_tot,Vous êtes mort et vous quittez la course.,
STRS_rennen_vcltot,Votre véhicule est détruit, vous quittez donc la course.,
STRS_rennen_zuende,La course est terminer.,
STRS_rennen_pub_start1,La course de rue commence dans 60 secondes.,
STRS_rennen_pub_start2,La course de rue commence. %1 joueurs sont en course pour un montant de $%2.,
STRS_rennen_pub_ausgeschlossen,Vous étiez trop loins de la ligne de départ. Vous êtes éliminer.,
STRS_rennen_pub_record,Vainqueur Temps: %1!!!,
STRS_rennen_pub_gewinnermeldung,La course de rue est fini. Le gagnant est %1 qui fini la course en %2 seconds! %3,
STRS_rennen_pub_gewinner,Vous remporter la course de rue et empoché $%1,
STRS_rennen_pub_abort,La course est annulé.,
STRS_Drugs_Plant_Marijuana,Vous avez planté de la Marijuana.,
STRS_action_Drugs_MarijuanaBurn,Vous brûlé de la Marijuana,
STRS_Drugs_Marijuana_NearlyReady,Votre Marijuana sera prête dans 240 secondes .,
STRS_action_Drugs_MarijuanaHarvest,Ramasser votre Marijuana.,
STRS_Drugs_Marijuana_Ready,La Marijuana planté est prête à être récolté!,
,,
STRS_mainmenu_MissionTutorial,"In this small Tutorial we will explain the basic aspects of the mission. For more information visit Chernarus Life topic on the BI forums or have a look at the briefing.\n\n
	- Money, Items and the Inventory:\n
	Money is one of the important things in Chernarus Life. While cops receive their normal paychecks after some time, civs have to work for their money. 
	Legal ways to earn money are staying in one of the workplaces, buy some workers
	Illegal ways to earn money are robbing the bank, dealing with drugs or robbing other players. More information about ways to earn money can be found in the briefing. 
	Money and all the other items will be stored in your own inventory. You can open it by using the corespondending entry in your action menu. Items can be used, deleted or given to other players. Information about the items can be seen in the inventory.
	All shops where you can buy and sell items are marked on the map (Items are Vehicles, Weapons and other Objects such as repair kits...). Keep in mind that you have to buy a license for weapons and some other items before you are able to buy them. 
	When you die you lose you whole inventory. In order to save your money and items you can store them in your bank account, at your hideout or other storages. 
	If you lose your connection your account is saved on the server so you keep your money after a reconnect. Licenses are also saved. ,
	Note that all saved information is lost when the server restarts or changes the map.\n\n,
	- A word on weapons and vehicles:\n,
	You should always holster your weapons by using the animation menu which can be found in your action menu. By carrying unholstered weapons cops will see you as a threat and attack you. ,
	Using a vehicle you should always make sure that you are driving on the right side of the road and watch out for police checkpoints. Note that you vehicle can be locked using the action entry or the keychain in you inventory. \n\n,
	- Getting started:\n,
	As a cop you should always communicate with the other people. Warn before you shoot and try to stun instead of kill civilians. The first thing you should do is to get a stun gun, other weapons and a vehicle. 
	As a civ you are very low on money. You should buy a drivers license and a small vehicle in order to drive to a work place and do some jobs or stay there for a while. When having enough money you can buy workplaces, shops or other things to get some income.",
,,
STRS_mainmenu_AboutThisMission,A propos de la mission: \n,
STRS_mainmenu_FAQ,Foire au Question:\n,
STRD_mainmenu_description_close,Fermer,
STRD_cam_description_header,Spectateur,
STRD_cam_description_100north,100m Nord,
STRD_cam_description_100south,100m Sud,
STRD_cam_description_100west,100m Ouest,
STRD_cam_description_100east,100m Est,
STRD_cam_description_halt,Stop,
STRD_cam_description_zoomin,Zoom en avant,
STRD_cam_description_zoomout,Zoom en arrière,
STRD_cam_description_resetbright,Luminosité auto.,
STRD_cam_description_nvgon,Vison nocturne activé,
STRD_cam_description_nvgoff,Vison nocturne désactivé,
STRS_item_gasmask_info,Le masque à gaz se trouve dans votre inventaire, vous êtes dans une zone avec du gaz lacrymogène.,
STRS_item_gasmask,Masque à gaz,
STRS_object_shop,Déposer vos article dans ce magasin, ainsi d'autre joueurs pourront acheté vos article,
STRS_need_pistol_license,Vous devez tout d'abord posséder votre Permis de pistolet!,
STRS_not_enough_money_riflelicense,Vous n'avez pas assez d'argent.,
STRS_recieved_rifle_license,Vous devez possédé votre licence d'arme automatique,
STRS_veh_pistol,Dégainez votre Pistolet,
STRS_mafia_hosmes,Les gens dans la rue disent que les hommes en costumes noirs ont demandé où vous en êtes. Méfiez-vous des ravisseurs! Il est temps de faire profil bas ou contacter les policiers!,
STRS_mafia_died,"L'homme qui vous suit semble être mort, vous êtes bon, pour l'instant.",
STRS_mafia_away,"Les hommes en costumes noirs ont abandonné leur recherche, bon travail!",
STRS_inv_shopdialog_money,,
STRS_inv_item_ration,,
STRS_inv_item_ration_info,,
STRS_inv_item_searchlight_info,,
STRS_inv_item_marijuana,,
STRS_inv_item_drugshed,,
STRS_inv_item_shed_info,,
STRS_inv_item_BigbagfenceCorner,,
STRS_inv_item_bigbagfence,,
STRS_inv_item_bigbagfenceRound,,
STRS_inv_item_bunkersmall,,
STRS_inv_item_danger,,
STRS_inv_item_roadcone,,
STRS_inv_item_factory,,
STRS_inv_item_officebuilding,,
STRS_inv_item_barrack,,
STRS_inv_item_smallhouse,,
STRS_inv_item_smallhouse2,,
STRS_inv_item_mariseed,,
STRS_inv_item_seed_info,,
STRS_inv_item_land_ladder_half,,
STRS_give_minus_then,Vous ne pouvez pas donnez moins que la somme arrangé.,
STRS_maincivrules,Bon Jeux a tous !!!",

STRS_maincoprules,"IL FAUT TOUJOURS AVOIR 2 FOIS PLUS DE CIVILS QUE DE POLICIER

\n
-Les policiers ne peuvent pas être élus Gouverneur.

\n
-Le poste de Chef de la Police est pour le représentant des forces de l'ordre.

\n
-Tous les policiers DOIVENT être sur Discord!",
STRS_inv_item_bupgrade_info,STRING MISSING,
Corn,blé,
STRS_sell_corn,Sell your corn at Sell Resources,
STRS_dirty_money,Dirty Money,
STRS_club_exchange_money,Get To The Club And Exchange The Money,
STRS_lottery,Lotterie,